Start of file:,
1st Visual Change:,1450.776855,1792.483643,1501.308594
2nd Visual Change:,885.310791,1062.807861,1030.692383
End of file,
