Start of file:,
1st Visual Change:,3909.149414,1450.776855,1792.483643,1501.308594
2nd Visual Change:,1112.974121,885.310791,1062.807861,1030.692383
End of file,
