Start of file:,
1st Visual Change:,4213.807617,3033.765625,2285.447266,2197.048584,3909.149414,1450.776855,1792.483643,1501.308594
2nd Visual Change:,1188.627197,1137.95874,1073.279785,1138.635254,1112.974121,885.310791,1062.807861,1030.692383
End of file,
